{
	"name": "angle",
	"b000": 2.356194490192345,
	"b001": 3.4033920413889422,
	"b00": 2.8797932657906435,
	"b010": 4.4505895925855405,
	"b011": 5.497787143782138,
	"b01": 4.974188368183839,
	"b10": 6.544984694978735,
	"b11": 7.592182246175333
}